feature,gain,split
d180_apl_ord_days_cnt,257599.5811395645,100
d360_apl_ord_ddf_mdl_ord_crt_dte_min,222628.34593188763,295
unpaid_principal_future_light_add_heavy,216904.91310572624,86
first_day_diff_event_result_1_all,119654.27907693386,177
his_360_day_csh_apl_ord_cnt_his_rto,71424.97697651386,88
d180_apl_ord_days_cnt_all,36352.430055618286,31
pge_id_cnt_90d,16902.269222438335,189
cnt_avg_ord_span_30d,10121.110627651215,46
d30_apl_ord_days_cnt,8528.530916690826,95
ord_apl_avg_prc_amt_720_day_per_mth,7991.131080031395,91
ddf_mdl_max_dau_dt_90d,5985.376090049744,246
min_rsk_lmt_rate_3m_bt_ch,5949.127724647522,71
clk_cnt_14d,5132.6685926914215,138
first_day_diff_event_result_0_event_type_loan_all,4516.729291409254,162
rsi_abf_1y_inter_1m,4472.686305522919,76
his_30d_app_str_ctn_v2,4451.8338351249695,153
rsk_avl_lmt_ch_les_10000_cnt_12m,4002.5173535346985,72
pst_ord_apl_suc_max_prc_amt_180_day,3894.2086758613586,21
avg_avl_lmt_lft_rep_prc_3m_cash_1m,3364.8902549743652,83
d180_apl_ord_cnt_all,3177.3421683311462,14
d360_max_faqi_prc_amt_divide_rsk_avl_lmt_cash,2833.870313167572,168
d180_ontimrepay_thismon_sum_larger_than_rsk_avl_lmt_cash_count_sum,2499.3209919929504,105
d60_apl_ord_prc_amt_avg,2412.1429250240326,47
sum_avb_lmt_2m_v2,2251.2866315841675,133
rsk_lmt_rate_ch_1m_grt_0p2_rate_6m,2159.4953002929688,40
d180_apl_ord_ddf_mdl_ord_crt_dte_max,2146.0181109905243,103
min_rsk_lmt_rate_12m_bt_ch,2075.511399269104,71
ddf_ato_fst_ord_crt_dte,1814.9244389533997,151
cnt_avg_ord_span_30d_90d,1778.2784463763237,75
his_due_repay_amt_avg_divide_his_faqi_trade_amt_avg,1690.0514664649963,83
d180_due_repay_amt_sum_divide_d180_faqi_trade_amt_sum,1645.2191143035889,55
ord_apl_fal_cnt_his,1619.7476511001587,110
rsk_lmt_rate_ch_1m_grt_0p8_rate_3m,1573.940104484558,42
d1080_max_faqi_prc_amt_divide_rsk_adt_lmt_cash,1439.9401679039001,111
first_amt_event_type_credit_all,1439.4849743843079,119
af_q2_q1_trend,1435.180947303772,78
d7_d360_suc_ord_prc_amt_avg_rat_all,1367.1640157699585,77
d180_faqi_trade_amt_larger_than_rsk_avl_lmt_cash_his_t_day_count_sum,1353.8026819229126,43
per_event_type_limit_all,1353.4671432971954,131
d360_apl_ord_stg_num_sum_all,1353.2481253147125,38
ord_apl_min_prc_amt_his,1352.8644111156464,90
max_amt_other_info_manual_repay,1330.1447120308876,104
12m_used_lmt_second_der_sum,1328.5271165370941,108
d90_aplord_suc_month_cnt,1294.621250152588,22
stg_pln_sum_rep_prc_his_d0_mrn_zd_rto_v2,1286.728414941579,116
ddf_mdl_max_con_dau_dt_90d,1285.6135910749435,104
d180_max_faqi_prc_amt_divide_rsk_adt_lmt_cash,1282.7632386684418,75
payment_day_6m,1222.010338306427,32
ftr_pending_repay_gurantee_fee_sum_divide_ftr_principal_sum,1221.7359592914581,95
rsk_lmt_rate_ch_1m_grt_0p2_rate_36m,1205.1726459264755,95
max_avl_lmt_lft_rep_prc_1m_cash_3m,1169.0851497650146,76
d360_apl_ord_ddf_mdl_ord_crt_dte_max,1160.094583839178,73
min_ddf_lag_crt_tim_mnt,1143.676701784134,113
d60_apl_ord_ddf_mdl_ord_crt_dte_max,1139.4840278625488,55
min_amt_event_type_credit_event_result_1,1125.3440985679626,93
d180_unpaid_principal_tot_amt_t_day_divide_rsk_avl_lmt_cash_his_t_day_max,1108.525060892105,70
rsk_lmt_rate_ch_1m_grt_0p9_rate_12m,1048.0844459533691,64
his_max_faqi_prc_amt_divide_max_due_pay_amt_sum_mon,1047.4565846920013,84
max_ddf_lag_crt_dte,1046.8068962097168,108
d90_max_due_prc_amt_divide_d90_max_faqi_prc_amt,1040.5852589607239,51
d1080_unpaid_principal_tot_amt_t_day_divide_rsk_adt_lmt_cash_his_t_day_max,1014.1686482429504,88
max_rsk_lmt_rate_1m_all,1004.5484726428986,70
6m_used_lmt_second_der_sum,977.961079120636,87
rsk_avl_lmt_ch_1m_les_1000_cnt_24m,976.5527000427246,64
his_max_faqi_prc_amt_divide_max_ontim_amt_sum_mon,970.0329557359219,103
d180_apl_ord_prc_amt_avg,968.828800201416,71
median_amt_channel_hb_microcredit_lv1_all,967.7404042482376,86
rsk_avl_lmt_ch_les_10000_cnt_3m,966.9640545845032,19
d90_apl_ord_prc_amt_per_stg_sum,946.5867092609406,46
d15_suc_ord_prc_amt_avg_all,943.0505795478821,50
12m_used_lmt_second_der_max,933.2302143573761,76
his_30_day_csh_apl_ord_cnt_his_rto,913.6899671554565,28
stg_pln_sum_prc_amt_12m_ftr_his_rep_rto_cash,901.5483376085758,51
last_amt_channel_hb_microcredit_lv1_all,899.2522701025009,94
d1095_aplord_fal_month_cnt,891.7336374521255,67
ord_apl_fal_cnt_360_day,875.8045959472656,20
pmt_crd_amt_1m,866.5576152801514,55
stg_pln_min_prc_amt_1m_ftr_his_rto_cash,857.4298677444458,78
succloan_stage_num_mean_all,844.2760282158852,84
d720_faqi_trade_amt_larger_than_due_repay_amt_by_mon_count_sum,841.295177936554,43
stg_pln_sum_prc_amt_1m_3m_ftr_rto_all,825.7989590167999,75
stg_pln_sum_rep_prc_his_fst_ord,812.6151704788208,73
lst_app_str_hr,808.341068148613,78
median_amt_event_result_1_all,807.0974276065826,77
stg_pln_pay_off_sum_prc_amt_14d_1m_rto,805.6692576408386,67
d360_due_repay_amt_avg_divide_d360_faqi_trade_amt_avg,803.9035108089447,41
12m_used_lmt_second_der_mean_diff,799.5613493919373,67
d180_max_due_prc_amt_divide_d180_max_faqi_prc_amt,793.6019470691681,55
3m_used_lmt_first_der_median,786.1453244686127,51
sum_talk_duration_180d,778.5018095970154,61
m6_stg_pln_rep_apl_cnt_equal_1_manual_rep_apl_amt_sum,777.3712811470032,57
last_day_diff_event_result_0_event_type_loan_all,773.8414423465729,79
avg_day_diff_shift1_event_type_repay_all,770.4600797444582,87
stg_pln_sum_rep_prc_12m_his_d0_mrn_pk_rto,766.0217821598053,78
d1080_trade_fail_amt_sum_mon_divide_his_trade_success_amt_sum_mon,765.6657643318176,61
stg_pln_sum_rep_prc_his_d0_afn_zd_rto_v2,764.358137845993,84
3stg_pln_repay_amt_second_der_mean_rto,759.9171521663666,81
his_trade_fail_count_mon_divide_his_trade_success_count_mon,757.1309008598328,67
m3_manual_deduct_rep_apl_stg_pln_cnt_avg,752.5125341415405,36
rsk_avl_lmt_ch_1m_les_500_rate_3m,751.8520631790161,56
d1080_due_repay_amt_sum_divide_d1080_faqi_trade_amt_sum,745.2103300094604,68
18ord_apply_amt_first_der_min,742.9446201324463,59
12m_used_lmt_first_der_avg,737.3909497261047,70
12m_used_lmt_second_der_small_0_sum,736.0147542953491,67
stg_pln_min_rep_prc_his,733.6435732841492,84
18m_used_lmt_second_der_min,731.1450048685074,60
min_avl_lmt_lft_rep_prc_2m_cash_3m,730.7413508892059,45
3m_used_lmt_first_der_sum,730.6128895282745,68
stg_pln_sum_rep_prc_his_d0_mrn_pk,728.4552292823792,75
d720_max_faqi_prc_amt_divide_rsk_adt_lmt_cash,728.0122201442719,57
min_amt_event_type_repay_recent_180,727.4952487945557,68
3m_used_lmt_first_der_small_0_sum,727.4382128715515,56
ddf_fst_lst_ord_crt_dte,726.5228499891236,64
stddev_amt_event_type_repay_all,724.6326818466187,68
3m_used_lmt_second_der_sum,716.0781016349792,61
rsi_abf_1y_inter_3m,712.1084027290344,73
18m_used_lmt_first_der_sum,708.5655696392059,71
12m_used_lmt_first_der_mean_diff,707.3727326393127,57
his_7d_app_str_ctn_v2,704.513296186924,52
max_avl_lmt_lft_rep_prc_1m_cash_36m,701.353017449379,70
rsk_lmt_rate_ch_1m_grt_0p5_rate_6m,700.2340906858444,46
6m_used_lmt_first_der_mean_diff,696.4390079975128,74
credit_unique_fund_cnt_3m,694.5656723976135,32
18stg_pln_repay_amt_second_der_mean_rto,690.5460541248322,70
cnt_event_type_limit_type_heavy_all,685.1741137504578,81
rsk_lmt_rate_ch_1m_grt_0p5_cnt_3m,680.5417981147766,24
rsk_avl_lmt_ch_1m_les_10000_rate_bjq_12m,678.8017811775208,52
stg_pln_pay_off_cnt_d0_rep_6m_rto,677.0813989639282,55
min_ddf_rep_tim_dte_adv,676.6101169586182,53
d720_due_repay_amt_sum_divide_d720_faqi_trade_amt_sum,675.0693610776216,54
his_due_repay_amt_sum_divide_his_faqi_trade_amt_sum,671.2494500875473,55
ai_call_cnt_21d,665.8773257732391,49
stg_pln_sum_rep_prc_his_d0_mrn_pk_rto_v2,665.6928493976593,74
stg_pln_sum_prc_amt_6m_12m_ftr_cash,661.6864478588104,42
day_diff_shift1_n_unique_all,661.2834904193878,64
d90_apl_ord_prc_amt_avg,660.714421749115,54
3m_repay_amt_first_der_mean_rto,657.2975420951843,57
stg_pln_sum_prc_amt_2m_ftr_his_rep_rto_all,655.806474685669,54
ai_call_cnt_60d,648.6943979263306,43
6m_used_lmt_first_der_min,645.499951839447,55
stg_pln_pay_off_sum_prc_amt_1m_3m_rto,640.7827715873718,48
18m_repay_amt_first_der_avg,638.0417332649231,56
d30_suc_ord_prc_amt_sum_all,636.8467493057251,39
d360_faqi_trade_amt_larger_than_unpaid_principal_tot_amt_t_day_count_sum,635.9919767379761,18
36stg_pln_repay_amt_second_der_mean_diff,629.0042104721069,64
stg_pln_sum_rep_prc_his_ovd_0d_pls_3d_zd_v2,628.7468041777611,57
d1080_sum_repaid_interest_fee_sum_divide_d1080_principal_sum,626.3759191036224,61
std_amt_channel_hb,623.3647585511208,73
stddev_day_diff_shift1_event_type_repay_all,621.4711481332779,65
12m_used_lmt_first_der_mean_rto,619.8015298843384,59
his_max_faqi_prc_amt_divide_unpaid_principal_tot,607.6410279273987,53
m3_manual_rep_apl_cnt_rat,607.610757112503,53
his_max_ovd_repay_amt_divide_his_max_suc_prc_amt,606.6299998760223,66
ord_apl_sum_prc_amt_07_12,606.5553197860718,68
his_trade_fail_amt_sum_mon_divide_his_trade_success_amt_sum_mon,605.2245397567749,60
d90_avg_due_pay_amt_sum_by_mon_divide_rsk_adt_lmt_cash,604.3619675636292,54
stg_pln_min_prc_amt_3m_6m_ftr_rto_cash,603.6531004905701,62
ord_apl_sum_prc_amt_30_90_day_rto,603.2481713294983,33
6m_used_lmt_first_der_sum,603.0884010791779,60
d30_d90_suc_ord_prc_amt_avg_rat_all,597.8205704689026,34
3stg_pln_repay_amt_first_der_median,595.6421489715576,57
m1_stg_pln_d0_rep_apl_cnt,595.2024612426758,24
stg_pln_sum_prc_amt_3m_6m_rto_ftr,594.4884967803955,42
abf_1y_inter_1m_count_up,592.7059297561646,34
6m_repay_amt_second_der_mean_diff,587.8404400348663,57
3stg_pln_repay_amt_first_der_mean_rto,586.1038498878479,64
12m_repay_amt_second_der_median,583.117018699646,54
m6_manual_rep_apl_suc_amt_avg,581.5282678604126,49
m1_manual_rep_apl_suc_cnt_rat,579.2749300003052,35
18m_repay_amt_second_der_mean_diff,578.3031115531921,57
d30_d60_his_rep_amt_sum_rat_btch,576.561491727829,44
rsk_lmt_rate_ch_1m_grt_0p95_rate_3m,576.0113530158997,42
f54__percent_true_call_mode_is_ai_called_phone_social_relations_is_self_180d,569.7483534812927,41
rsk_avl_lmt_ch_1m_les_1000_rate_6m,568.0019497871399,41
6stg_pln_repay_amt_second_der_median,566.2994713783264,54
3m_used_lmt_first_der_mean_diff,562.1342687606812,52
stg_pln_avg_prc_amt_adv_3d,560.3262004852295,72
d60_d360_apl_ord_prc_amt_avg_rat,559.801728412509,41
ord_apl_cnt_07_12,559.6042151451111,40
6m_used_lmt_second_der_mean_diff,559.6016300916672,61
6stg_pln_repay_amt_first_der_mean_diff,556.8713743686676,57
percent_true_followup_code_wfjt_called_phone_social_relations_family_180d,555.5680193901062,37
avg_ddf_rep_dte_ord_crt_tim_neg_7,554.4690439105034,57
ddf_36m_rep_dte_neg_5_crt_dt_rep_prc_amt_rto,551.4736793041229,53
ord_apl_sum_prc_amt_13_18,550.3490312099457,60
d180_due_repay_amt_avg_divide_d180_faqi_trade_amt_avg,547.6759208440781,45
3stg_pln_repay_amt_first_der_mean_diff,546.2763987183571,55
d360_apl_ord_prc_amt_min,545.6793394088745,48
18m_repay_amt_first_der_median,545.4858274459839,44
ord_apl_suc_cnt_360_day_07_12,545.4043083190918,26
bf_q4_q3_trend,543.0634880065918,50
stg_pln_max_prc_amt_6m_12m_ftr_cash,537.2329709529877,38
6m_repay_amt_first_der_max,536.504813015461,30
m6_stg_pln_d0_normal_batch_rep_apl_suc_cnt_rat,534.9687972068787,48
pmt_crd_amt_3m,534.4901225566864,50
credit_unique_scene_cnt_12m,533.609076499939,30
6m_used_lmt_first_der_mean_rto,532.6099967956543,53
12stg_pln_repay_amt_first_der_mean_diff,532.1082887649536,52
max_con_dau_7d,530.8925023078918,21
stg_pln_sum_rep_prc_his_d0_non_zd_v2,530.2108217477798,56
credit_reject_cnt_12m,527.6927906274796,51
min_rsk_avl_lmt_12m_bt_ch,526.3632316589355,35
d720_max_due_prc_amt_divide_d720_max_faqi_prc_amt,522.8408155441284,51
d180_repaid_gurantee_fee_sum_divide_d180_principal_sum,522.5286605358124,49
18m_used_lmt_second_der_mean_rto,522.025985956192,58
12stg_pln_repay_amt_first_der_sum,521.9335896968842,50
min_ddf_mdl_rep_dte_ftr,521.4340587854385,46
stg_pln_sum_rep_prc_his_ovd_0d_pls_3d_zd_rto_v2,518.396600484848,55
d60_apl_ord_prc_amt_max,516.9710297584534,32
12m_used_lmt_first_der_small_0_sum,515.992910861969,44
stg_pln_sum_rep_prc_his_d0_mrn_zd_v2,515.5749189853668,56
24stg_pln_repay_amt_first_der_mean_diff,514.8692727088928,53
12stg_pln_repay_amt_second_der_median,514.1301822662354,58
d720_max_ovd_repay_amt_divide_d720_max_fail_prc_amt,513.5252380371094,48
avg_avl_lmt_lft_rep_prc_all_cash_24m,512.6229662895203,43
sum_day_diff_shift1_event_type_loan_all,510.55677580833435,59
18stg_pln_repay_amt_second_der_mean_diff,510.5496802330017,49
3m_used_lmt_second_der_mean_diff,510.34874427318573,52
his_max_due_prc_amt_divide_his_max_faqi_prc_amt,506.45190292596817,60
d180_suc_ord_cnt_all,503.6337056159973,20
3m_repay_ftr_amt_first_der_mean_rto,502.79346919059753,52
3m_repay_amt_second_der_mean_diff,502.40834188461304,49
stg_pln_max_prc_amt_d0_rep_his_fst_ord,501.8127702474594,59
36stg_pln_repay_amt_first_der_sum,501.15247917175293,56
18m_repay_ftr_amt_first_der_mean_diff,500.1140263080597,44
12m_repay_ftr_amt_second_der_min,499.31164360046387,52
stg_pln_min_prc_amt_ftr,494.2799382209778,49
stg_pln_min_prc_amt_3m_ftr_his_rto_cash,492.2556800842285,50
median_amt_other_info_auto_deduct_all,491.70176911354065,55
rsk_avl_lmt_ch_les_1000_rate_12m,488.06613945961,41
12m_repay_amt_second_der_mean_diff,488.05610024929047,49
stg_pln_sum_prc_amt_adv_rep_his,486.38383054733276,50
3m_used_lmt_first_der_mean_rto,484.7492866516113,43
d720_unpaid_principal_tot_amt_t_day_divide_rsk_adt_lmt_cash_his_t_day_max,480.05362033843994,47
6m_used_lmt_first_der_max,479.69871973991394,41
credit_unique_scene_cnt_6m,479.63388776779175,24
d90_apl_ord_ddf_mdl_ord_crt_dte_max,479.4325180053711,38
stg_pln_min_prc_amt_1m_3m_ftr_rto_cash,479.2471330165863,50
m3_manual_rep_apl_suc_amt_sum,476.77802896499634,44
12stg_pln_repay_amt_first_der_mean_rto,474.82789850234985,51
stg_pln_cnt_adv_rct,474.126589179039,50
avg_avl_lmt_lft_rep_prc_all_cash_36m,473.41908073425293,45
24stg_pln_repay_amt_second_der_mean_rto,472.2807011604309,46
18ord_apply_amt_first_der_max,469.9626307487488,47
credit_unique_fund_cnt_36m,469.63147020339966,51
pmt_crd_amt_pmonth_his,463.0689173936844,47
m6_payment_not_eng_mdl_crt_ddf_avg,462.92095041275024,50
24stg_pln_repay_amt_first_der_mean_rto,462.25834918022156,50
3m_repay_ftr_amt_second_der_mean_diff,459.32932245731354,44
d90_apl_ord_stg_num_sum,458.2051348686218,21
3m_repay_ftr_amt_first_der_mean_diff,457.534951210022,44
12m_repay_ftr_amt_second_der_max,456.7825300693512,42
6m_repay_amt_first_der_mean_rto,455.15654134750366,40
m1_rep_apl_suc_stg_pln_cnt_max,454.4534935951233,26
18m_used_lmt_first_der_mean_rto,453.1106001138687,45
12m_used_lmt_first_der_great_0_sum,452.1232018470764,43
stg_pln_avg_prc_amt_6m_12m_ftr_rto_all,450.7798662185669,43
stg_pln_avg_prc_amt_12m_ftr_his_rto_all,450.17217206954956,48
stg_pln_pay_off_sum_prc_amt_6m_12m_rto,449.909982919693,40
d30_d60_apl_ord_cnt_rat,449.33229994773865,10
stg_pln_pay_off_cnt_bjq_12m,447.3684022426605,39
ddf_36m_rep_dte_0_crt_dt_rep_prc_amt_rto,444.13477075099945,43
d30_d180_his_rep_amt_sum_rat_all,443.77826976776123,37
12m_repay_amt_first_der_mean_rto,443.2243502140045,51
heavy_his_sum_fail_prc_amt_divide_light_his_sum_ontim_repay_amt,443.02772283554077,42
m3_manual_rep_apl_suc_amt_avg,441.1589832305908,38
stg_pln_avg_prc_amt_2m_ftr_his_rto_all,438.94100069999695,46
3m_repay_amt_first_der_sum,437.66910004615784,38
ord_apl_sum_prc_amt_360_day_19_23,437.55595874786377,45
af_1y_inter_3m_sum_up,437.38634872436523,24
m3_manual_rep_apl_suc_stg_pln_cnt_avg,435.9386217594147,34
d90_due_repay_amt_avg_divide_d90_faqi_trade_amt_avg,434.42424035072327,39
d15_d30_apl_ord_prc_amt_avg_rat_all,434.16994029283524,33
6m_repay_ftr_amt_first_der_mean_rto,432.7421849966049,46
3m_used_lmt_first_der_max,431.5661609172821,39
stg_pln_sum_rep_prc_his_d0_afn_pk,429.75656270980835,46
d720_trade_fail_count_mon_divide_his_trade_success_count_mon,427.6108566522598,45
d720_repaid_interest_fee_sum,427.34044075012207,38
m3_manual_deduct_rep_apl_cnt_rat,425.407301902771,20
d360_due_repay_amt_sum_divide_d360_faqi_trade_amt_sum,425.10705280303955,37
cnt_event_type_loan_type_heavy_all,424.3683010339737,45
ddf_3m_rep_dte_5_crt_dt_max_prc_amt,424.34166431427,13
3m_repay_amt_second_der_mean_rto,423.3179597854614,43
m6_rep_apl_suc_stg_pln_cnt_avg,421.9408701658249,38
m6_payment_not_eng_mdl_crt_ddf_max,420.9426121711731,39
bf_q2_q1_trend,419.0252511501312,42
ord_apl_sum_prc_amt_360_day_bjq_12m,418.6527395248413,47
m6_normal_batch_rep_apl_cnt_rat,418.58529925346375,43
12m_repay_amt_first_der_median,417.4012632369995,39
his_3d_app_str_ctn_v2,416.2988905906677,22
12m_repay_ftr_amt_second_der_mean_rto,413.8607907295227,38
3m_repay_amt_second_der_median,413.79863023757935,43
d30_apl_ord_ddf_mdl_ord_crt_dte_max,413.6350197792053,35
12m_repay_amt_second_der_avg,412.67009925842285,37
d180_apl_ord_stg_num_avg,411.07678508758545,28
m3_stg_pln_rep_apl_fal_cnt_max,410.5148301124573,27
last_event_type_day_diff_shift1_event_type_repay_all,408.09713768959045,45
6m_used_lmt_second_der_min,407.3947687149048,39
avg_avl_lmt_lft_rep_prc_all_cash_12m,406.95127987861633,35
lag_his_rep_amt_sum_per_mth_all_rat_max,406.8291416168213,47
af_1m_trend,406.53876757621765,42
ord_apl_suc_sum_prc_amt_19_23,406.29023921489716,47
6m_repay_amt_second_der_median,403.65473985671997,39
avg_ddf_rep_dte_ord_crt_tim_3,402.8574977517128,42
d1080_repaid_interest_fee_stddev,400.5555523633957,45
18m_repay_ftr_amt_second_der_mean_diff,397.19209909439087,40
ddf_24m_rep_dte_neg_7_crt_dt_ord_cnt,394.9095401763916,18
ftr_pending_repay_interest_fee_sum,394.3319797515869,40
d1080_max_adv_repay_amt_divide_d1080_max_faqi_prc_amt,393.8337697982788,40
m3_normal_batch_rep_apl_suc_amt_sum,393.7258620262146,36
stg_pln_sum_rep_prc_his_d0_dwn_zd_v2,391.2345083579421,41
credit_loan_avg_days_36m,391.13189935684204,38
stg_pln_pay_off_max_prc_amt_pday_bjq_12m,390.10534876585007,45
12m_repay_ftr_amt_second_der_sum,387.6213221549988,34
m6_manual_work_day_rep_apl_suc_cnt_rat,386.7138087749481,40
cnt_other_info_auto_deduct_uid_recent_days_540,386.68993520736694,30
d360_light_limit_divide_btch_adt_limit,383.824667930603,32
stg_pln_max_prc_amt_adv_rep_his,383.5023798942566,38
d360_apl_ord_prc_amt_per_stg_max,383.0952124595642,33
d360_repaid_exclude_principal_fee_max,382.1678285598755,37
rsi_af_1y_inter_1m,381.3161482810974,36
rsk_avl_lmt_ch_les_5000_cnt_1m,378.61889839172363,12
pst_ord_apl_suc_sum_prc_amt_90_180_day_rto,378.36655950546265,27
ddf_12m_rep_dte_7_crt_dt_rep_prc_amt_rto,376.42636919021606,35
ord_apl_cnt_13_18,375.87723484635353,36
6stg_pln_repay_amt_first_der_median,371.7822415828705,41
d360_max_due_prc_amt_divide_d360_max_faqi_prc_amt,370.1635479927063,36
18stg_pln_repay_amt_first_der_mean_rto,368.9127804040909,40
d365_aplord_suc_month_cnt,368.63740253448486,9
24stg_pln_repay_amt_second_der_avg,368.0420479774475,38
stg_pln_cnt_3m_6m_ftr_rto_all,366.8104066848755,30
min_rsk_avl_lmt_3m_bt_ch,366.6053705215454,33
m3_rep_apl_fal_stg_pln_cnt_avg,366.2932810783386,35
max_ddf_mdl_rep_dte_his_bjq,364.29486107826233,42
d30_apl_ord_prc_amt_avg_all,364.2621808052063,34
3m_repay_ftr_amt_first_der_stddev,362.895619392395,33
d90_apl_ord_prc_amt_per_stg_max,362.38100242614746,28
12m_repay_amt_second_der_mean_rto,361.43110966682434,36
rsk_lmt_rate_ch_1m_grt_0p5_cnt_24m,361.1130886077881,32
3m_repay_amt_first_der_min,360.41642224788666,38
6m_repay_amt_second_der_mean_rto,357.09788179397583,36
3stg_pln_repay_amt_first_der_sum,356.56352162361145,37
m3_stg_pln_pmt_not_eng_amt_max,353.8172388076782,37
n_unique_event_type_day_diff_shift1_event_type_loan,352.6136326789856,27
18m_repay_amt_first_der_mean_rto,350.6082339286804,36
stg_pln_min_prc_amt_6m_ftr,350.2907991409302,24
18stg_pln_repay_amt_first_der_stddev,349.58151054382324,33
d90_repaid_exclude_principal_fee_stddev,346.2013101577759,32
36stg_pln_repay_amt_second_der_mean_rto,344.19989919662476,35
d720_repaid_tot_fee_stddev,343.8111641407013,33
m6_manual_tim_13_18_rep_apl_suc_cnt_rat,343.479918718338,36
d90_repaid_interest_fee_sum,338.25232791900635,30
m6_pmt_not_eng_amt_pday_min,336.61397409439087,33
m6_payment_not_eng_mdl_crt_ddf_min,332.51342809200287,33
ddf_24m_rep_dte_neg_7_crt_dt_rep_prc_amt,328.60171937942505,29
m6_stg_pln_manual_rep_apl_cnt_avg,328.39249992370605,31
stg_pln_min_prc_amt_6m_ftr_his_rep_rto_cash,322.2384204864502,31
m6_pmt_not_eng_equal_1_stg_pln_d0_cnt_rat,320.8004233241081,33
ord_apl_suc_sum_prc_amt_720_day_19_23,319.66672229766846,32
d90_repaid_tot_fee_stddev,318.9724187850952,28
stg_pln_avg_prc_amt_his_light,317.5538086295128,33
d1080_due_repay_amt_larger_than_rsk_avl_lmt_cash_his_t_day_count_sum,317.1074194908142,36
12ord_apply_amt_first_der_stddev,316.5477285385132,29
ord_apl_suc_max_prc_amt_his,309.11238849163055,30
d1095_avl_lmt_eql_0_month_cnt,308.63156938552856,28
d360_adv_repay_fee_sum_divide_d360_principal_sum,308.08091020584106,30
18m_repay_amt_second_der_sum,306.2954292297363,31
3stg_pln_repay_amt_first_der_stddev,305.4376711845398,34
stg_pln_sum_rep_prc_12m_his_d0_mrn_zd_v2,298.98776936531067,27
d360_unpaid_principal_tot_amt_t_day_divide_rsk_adt_lmt_cash_his_t_day_max,297.829941034317,28
12m_repay_amt_second_der_sum,295.7568770647049,32
light_d720_max_ontim_repay_amt_divide_heavy_d720_max_ontim_repay_amt,295.7399106025696,24
m6_stg_pln_rep_apl_fal_cnt_mor_1_rep_apl_amt_min,295.1929807662964,29
m6_manual_tim_6_12_rep_apl_cnt_rat,294.61834931373596,32
max_avl_lmt_lft_rep_prc_all_cash_12m,294.45625829696655,29
light_his_max_faqi_prc_amt_divide_heavy_his_max_faqi_prc_amt,293.3414988517761,30
m3_normal_batch_rep_apl_suc_cnt_rat,290.4536917209625,32
stddev_amt_event_type_repay_event_result_1_recent_180,288.9979990720749,29
m3_stg_pln_normal_batch_rep_apl_cnt_avg,287.3299677371979,30
m1_normal_batch_rep_apl_fal_cnt_rat,284.5588893890381,22
rsk_lmt_rate_ch_1m_grt_0p2_cnt_24m,283.25342988967896,21
m1_normal_batch_rep_apl_suc_amt_avg,280.0577983856201,31
d360_schedule_pay_penalty_max,279.9539723396301,16
rsk_avl_lmt_ch_1m_les_10000_rate_6m,279.75632762908936,26
12m_repay_amt_first_der_stddev,278.16596031188965,26
d180_avl_lmt_shift1_rise_month_cnt,277.6394910812378,17
max_amt_event_type_repay_recent_60,276.72725892066956,26
12m_repay_ftr_amt_first_der_min,276.095121383667,28
pmt_hnd_amt_rat_1m,275.425087928772,25
6stg_pln_repay_amt_second_der_sum,269.91234850883484,27
18m_repay_amt_second_der_mean_rto,268.20913887023926,30
d730_aplord_stg_grt_fst_month_rto,266.82981061935425,28
36stg_pln_repay_amt_first_der_great_0_count,266.10964918136597,27
stg_pln_max_prc_amt_adv_rct_6m,265.14879059791565,26
m3_stg_pln_bnk_cnt_avg,263.74498987197876,29
d720_max_adv_repay_amt_divide_d720_max_faqi_prc_amt,263.43507194519043,29
ord_apl_sum_prc_amt_180_day_07_12,260.93393993377686,31
12m_repay_ftr_amt_first_der_sum,259.4619779586792,23
stg_pln_avg_prc_amt_adv_rep_12m,259.27060174942017,25
lag_his_rep_amt_sum_per_mth_btch_rat_max,256.4731020927429,27
ord_apl_suc_sum_prc_amt_360_day_13_18_bjq_12m,253.44941115379333,26
m1_mrn_rep_apl_cnt,248.55502939224243,24
d90_repaid_interest_fee_stddev,246.78852105140686,25
d730_aplord_amt_grt_fst_month_rto,246.65908098220825,27
ddf_mdl_max_con_dau_dt_30d,244.68853998184204,22
percent_true_followup_code_other_call_mode_manual_180d,244.3237919807434,18
pmt_not_eng_stg_pln_cnt_3m_6m_rat,239.72357988357544,23
d365_aplord_amt_grt_fst_month_rto,238.56129002571106,27
rsi_bf_1y_inter_1m,236.70693969726562,26
cnt_event_type_credit_event_result_1_all,236.25596046447754,24
6m_repay_amt_second_der_sum,230.92405319213867,22
m1_normal_batch_rep_apl_suc_amt_max,228.17375111579895,26
m6_stg_pln_d0_normal_batch_rep_apl_cnt_equal_2_cnt_rat,223.90263843536377,26
d90_suc_ord_prc_amt_sum_all,221.39468955993652,20
m6_normal_batch_rep_apl_fal_cnt_rat,216.74535846710205,21
3m_repay_amt_second_der_min,216.7194902896881,23
d365_aplord_fal_month_cnt,215.65821075439453,17
d180_apl_ord_prc_amt_per_stg_min,213.06260681152344,11
stg_pln_sum_prc_amt_6m_12m_rto,208.20900106430054,21
min_rsk_avl_lmt_bjq_12m_all,208.1392604112625,27
d60_apl_ord_stg_num_sum_all,202.36189889907837,15
ord_apl_suc_sum_prc_amt_180_day_19_23,196.49907970428467,17
recent_36m_settle_loan_diff_days_min,196.265221118927,23
ord_apl_suc_cnt_720_day_13_18,196.06606817245483,18
used_rate_ch_grt_0p5_rate_3m_suc,196.04922819137573,18
stg_pln_avg_prc_amt_6m_light,192.8617115020752,20
m6_manual_tim_19_24_rep_apl_suc_cnt_rat,190.14546394348145,19
m1_rep_apl_suc_cnt,185.75276947021484,16
stg_pln_max_prc_amt_adv_rct_12m,183.9880495071411,17
min_avl_lmt_lft_rep_prc_2m_cash_36m,175.46910095214844,19
ddf_6m_rep_dte_neg_7_crt_dt_max_prc_amt,173.39495086669922,16
used_rate_ch_grt_0p5_rate_3m,170.94366979599,16
rsk_avl_lmt_ch_1m_les_5000_cnt_3m,169.54168462753296,8
stg_pln_sum_prc_amt_his_fst_ord_bjq_12m,168.14625418186188,21
stg_pln_sum_prc_amt_ovd_pls_rep_bjq_12m_rto,166.17946028709412,23
d720_advrepay_suc_trade_in_same_month_count_sum,162.1524305343628,17
d60_apl_ord_prc_amt_sum,161.12893986701965,19
light_his_sum_ontim_repay_amt_divide_heavy_his_sum_ontim_repay_amt,157.61939978599548,17
m1_stg_pln_normal_batch_rep_apl_cnt_equal_2_cnt_rat,153.9131579399109,15
m6_pmt_not_eng_equal_2_stg_pln_d0_amt_sum_rat,148.29453897476196,15
d360_repaid_interest_fee_max,146.40651893615723,16
bf_1y_inter_3m_sum_down,144.8533809185028,17
stg_pln_sum_rep_prc_12m_his_ovd_0d_pls_3d_zd_v2,144.67432975769043,12
m3_stg_pln_manual_rep_apl_fal_cnt_avg,136.35480070114136,14
stg_pln_avg_prc_amt_6m_per_mth_light,135.85035943984985,13
m6_manual_rep_apl_suc_cnt_in_manual_rep_rat,135.60256910324097,13
used_rate_ch_grt_0p95_cnt_6m,135.34991025924683,15
m6_rep_apl_suc_amt_min,134.82872009277344,14
stg_pln_max_prc_amt_adv_3d_bjq_12m,132.27197074890137,16
d90_aplord_fal_month_cnt,131.58541870117188,6
m6_pmt_not_eng_mor_3_stg_pln_cnt_rat,130.22509121894836,13
his_advrepay_large_than_ontimrepay_amt_months_count_sum,129.8926281929016,16
12m_repay_amt_second_der_great_0_count,127.75245237350464,14
dvc_cnt_cjj_7,112.15869092941284,6
stg_pln_cnt_7d_ftr_his_rto_all,106.40206956863403,10
m6_stg_pln_normal_batch_rep_apl_cnt_min,105.86093044281006,13
d365_aplord_fal_month_rto,97.31931018829346,10
ord_apl_suc_sum_stg_num_180_day,93.34801959991455,11
m1_stg_pln_d0_pmt_not_eng_cnt_avg,92.26282954216003,9
d15_apl_ord_prc_amt_per_stg_sum,88.8930492401123,8
5d_range_max_prc_amt_his,87.13021910190582,9
m6_stg_pln_rep_apl_cnt_d0_max,85.63071918487549,9
stg_pln_sum_prc_amt_adv_fst_ord_bjq_12m,85.09228157997131,10
d30_apl_ord_cnt_all,78.78979086875916,5
m3_pmt_not_eng_cnt_pday_mor_0_day_cnt,77.91560101509094,6
max_ddf_rep_dte_ord_crt_tim_3,58.20158910751343,5
d15_apl_ord_prc_amt_max,47.73480033874512,4
credit_fund_level2_min_ir_cnt_24m,43.63583040237427,5
3m_used_lmt_second_der_small_0_count,42.65540075302124,4
d90_aplord_suc_month_rto,40.55593919754028,4
ord_apl_suc_cnt_180_day_19_23,39.709129333496094,4
his_heavy_ontime_repay_light_ontime_repay_same_month_count,39.20681047439575,5
6m_repay_amt_first_der_great_0_count,29.193790435791016,4
m1_stg_pln_bnk_cnt_max,27.412100791931152,3
