table_index,full_table_name,feature_name,feature_type,feature_comment,ordinal
1,local_feather,sample_row_num,large_string,,1
1,local_feather,uid,large_string,,2
1,local_feather,first_credit_time_by_btch,timestamp[ns],,3
1,local_feather,first_credit_law_type,large_string,,4
1,local_feather,sample_label,large_string,,5
1,local_feather,mdl_dte,timestamp[s],,6
1,local_feather,sample_split_tag,large_string,,7
1,local_feather,label,large_string,,8
1,local_feather,is_14_fq,int32,,9
1,local_feather,is_30_fq,int32,,10
1,local_feather,v1_score,double,,11
1,local_feather,rand_flag0,double,,12
1,local_feather,rand_flag1,double,,13
1,local_feather,rand_flag2,double,,14
1,local_feather,rand_flag3,double,,15
1,local_feather,rand_flag4,double,,16
1,local_feather,rand_flag5,double,,17
1,local_feather,credit_limit,double,,18
1,local_feather,loan_org_typ_bnk_non_dps_min_cur_ovd_amt_day_diff,float,,19
1,local_feather,loan_org_typ_bnk_non_dps_max_blc_day_diff,float,,20
1,local_feather,loan_org_typ_other_min_loan_amt_day_diff,float,,21
1,local_feather,loan_lon_typ_other_max_blc_day_diff,float,,22
1,local_feather,loan_act_typ_d1_min_loan_amt_day_diff,float,,23
1,local_feather,loan_card_stt_nor_and_act_typ_d1_min_schedule_pay_date_to_now,float,,24
1,local_feather,loan_lon_typ_other_max_loan_amt_day_diff,float,,25
1,local_feather,loan_act_typ_d1_min_cur_ovd_amt_day_diff,float,,26
1,local_feather,loan_act_typ_r4_min_cur_ovd_amt_day_diff,float,,27
1,local_feather,loan_act_typ_r1_max_blc_day_diff,float,,28
1,local_feather,loan_gur_typ_credit_max_loan_amt_day_diff,float,,29
1,local_feather,loan_org_typ_other_min_blc_day_diff,float,,30
1,local_feather,tnd_rsk_itm_m12_ecm_ptf_rat,float,,31
1,local_feather,tnd_rsk_itm_m1_oth_rat,float,,32
1,local_feather,tnd_rsk_itm_one_wek_ptf_apl,float,,33
1,local_feather,tnd_rsk_itm_7d_div_12m,float,,34
1,local_feather,tnd_rsk_itm_d7_oth_rat,float,,35
1,local_feather,tnd_rsk_itm_1m_div_12m,float,,36
1,local_feather,tnd_rsk_itm_m1_ptt_lon,float,,37
1,local_feather,tnd_rsk_itm_m12_ptt_lon,float,,38
1,local_feather,tnd_rsk_itm_6m_dif_3m,float,,39
1,local_feather,tnd_rsk_itm_m12_big_csm_fin_cmp,float,,40
1,local_feather,tnd_rsk_itm_3m_div_6m,float,,41
1,local_feather,tnd_rsk_itm_m1_oth,float,,42
1,local_feather,tnd_rsk_itm_m6_bnk_rat,float,,43
1,local_feather,ddf_1m_qry_avg_day_diff,float,,44
1,local_feather,tnd_rsk_itm_typ_m1_div_m6,float,,45
1,local_feather,ddf_36m_1d_continous_qry_cnt,float,,46
1,local_feather,tnd_rsk_itm_d7_oth,float,,47
1,local_feather,loan_gur_typ_other_min_cur_ovd_amt_day_diff,float,,48
1,local_feather,tnd_rsk_itm_d7_csm_rat,float,,49
1,local_feather,tnd_rsk_itm_m12_oth,float,,50
1,local_feather,tnd_rsk_itm_12m_dif_6m,float,,51
1,local_feather,ddf_36m_qry_avg_day_diff,float,,52
1,local_feather,loan_blc_y_sum_18p_mid_max,float,,53
1,local_feather,ddf_3m_qry_avg_day_diff,float,,54
1,local_feather,tnd_rsk_itm_m12_bnk,float,,55
1,local_feather,ddf_6m_qry_avg_day_diff,float,,56
1,local_feather,loan_org_typ_other_max_loan_amt_day_diff,float,,57
1,local_feather,tnd_rsk_itm_m12_ptt_lon_rat,float,,58
1,local_feather,tnd_rsk_itm_m6_oth_rat,float,,59
1,local_feather,sum_typ_orgnum,float,,60
1,local_feather,als_net_bank_sum_typ_orgnum_rte,float,,61
1,local_feather,als_least_id_nbank_nsloan_orgnum,float,,62
1,local_feather,als_cash_stage_sum_typ_orgnum_rte,float,,63
1,local_feather,als_m1_m1_m3_id_nbank_oth_orgnum_rte,float,,64
1,local_feather,als_licensed_net_loan_sum_typ_orgnum_rte,float,,65
1,local_feather,als_m3_m12_id_caon_allnum_rte,float,,66
1,local_feather,als_m3_m12_id_nbank_nsloan_allnum_rte,float,,67
1,local_feather,als_m3_m12_id_nbank_ca_allnum_rte,float,,68
1,local_feather,als_old_bank_sum_typ_allnum_rte,float,,69
1,local_feather,als_credit_card_sum_typ_allnum_rte,float,,70
1,local_feather,als_greast_id_nbank_finlea_orgnum,float,,71
1,local_feather,als_least_id_bank_ret_orgnum,float,,72
1,local_feather,als_m3_m12_id_nbank_cf_allnum_rte,float,,73
1,local_feather,als_m3_m6_m12_id_nbank_oth_orgnum_rte,float,,74
1,local_feather,als_m3_m6_m12_id_pdl_allnum_rte,float,,75
1,local_feather,als_m6_m12_id_nbank_nsloan_allnum_rte,float,,76
1,local_feather,als_m6_m6_m12_id_nbank_nsloan_orgnum_rte,float,,77
1,local_feather,als_m1_m3_id_nbank_oth_allnum_rte,float,,78
1,local_feather,als_m3_m12_id_nbank_cons_allnum_rte,float,,79
1,local_feather,als_m3_m12_id_pdl_orgnum_rte,float,,80
1,local_feather,als_m1_m1_m3_id_nbank_else_allnum_rte,float,,81
1,local_feather,als_m6_m12_id_nbank_allnum_rte,float,,82
1,local_feather,als_m3_m12_id_nbank_else_allnum_rte,float,,83
1,local_feather,als_m3_m6_m12_id_nbank_allnum_rte,float,,84
1,local_feather,als_m3_m12_id_nbank_oth_orgnum_rte,float,,85
1,local_feather,als_least_id_caon_orgnum,float,,86
1,local_feather,als_least_id_nbank_ca_orgnum,float,,87
1,local_feather,als_m1_m3_id_nbank_else_orgnum_rte,float,,88
1,local_feather,als_d15_m1_id_nbank_orgnum_rte,float,,89
1,local_feather,als_m1_m1_m3_id_pdl_allnum_rte,float,,90
1,local_feather,als_least_id_nbank_cons_orgnum,float,,91
1,local_feather,als_m6_m6_m12_id_nbank_oth_allnum_rte,float,,92
1,local_feather,als_least_id_nbank_else_orgnum,float,,93
1,local_feather,als_m3_m6_m12_id_nbank_cons_allnum_rte,float,,94
1,local_feather,als_other_allnum,float,,95
1,local_feather,als_least_id_nbank_sloan_orgnum,float,,96
1,local_feather,loan_future_36m_to_48m_xj_payment_max,float,,97
1,local_feather,als_m1_m1_m3_id_nbank_orgnum_rte,float,,98
1,local_feather,loan_repay_progress_mean_xd_act_pay,float,,99
1,local_feather,loan_future_12m_other_payment_mean,float,,100
1,local_feather,als_old_bank_sum_typ_orgnum_rte,float,,101
1,local_feather,loan_future_36m_to_48m_xd_payment_max,float,,102
1,local_feather,als_m3_m12_id_nbank_oth_allnum_rte,float,,103
1,local_feather,als_m6_m12_id_caon_allnum_rte,float,,104
1,local_feather,als_m3_m12_id_pdl_allnum_rte,float,,105
1,local_feather,loan_future_6m_to_9m_xj_payment_min,float,,106
1,local_feather,loan_future_9m_other_payment_mean,float,,107
1,local_feather,loan_future_12m_xj_payment_min,float,,108
1,local_feather,loan_future_36m_to_48m_xd_payment_sum,float,,109
1,local_feather,loan_future_36m_to_48m_other_payment_sum,float,,110
1,local_feather,loan_org_cnt_count_non_xxhb_360d,float,,111
1,local_feather,loan_loanamount_min_non_xxhb_360d,float,,112
1,local_feather,loan_future_48m_to_60m_xd_payment_max,float,,113
1,local_feather,sch_repay_60m_contin_non_de_mon_count,float,,114
1,local_feather,tot_org_ratio_720_fix_202502,float,,115
1,local_feather,loan_loanamount_min_non_xxhb,float,,116
1,local_feather,loan_loanamount_mean_xxhb_90d,float,,117
1,local_feather,loan_org_ratio_90_fix_202502,float,,118
1,local_feather,loan_balance_sum_non_xxhb_360d,float,,119
1,local_feather,tot_acct_ratio_720_fix_202502,float,,120
1,local_feather,loan_org_ratio_360_fix_202502,float,,121
1,local_feather,same_loan_price18_tot_balance_min,float,,122
1,local_feather,loan_alld_xfd_unique_org_count,float,,123
1,local_feather,sch_repay_count_num_6m_9m_mean_div_wave,float,,124
1,local_feather,loan_acct_ratio_180_fix_202502,float,,125
1,local_feather,loan_balance_mean_non_xxhb,float,,126
1,local_feather,loan_balance_max_xxhb_30d,float,,127
1,local_feather,loan_open_to_now_min_non_xxhb,float,,128
1,local_feather,loan_org_ratio_30_fix_202502,float,,129
1,local_feather,wjq_add_minupdate_qishu,float,,130
1,local_feather,jxhj_1d_should_pay_count,float,,131
1,local_feather,sch_repay_48m_contin_non_de_mon_count,float,,132
1,local_feather,loan_xhd_use_lmt_rate,float,,133
1,local_feather,loan_xfd_blc_hhi,float,,134
1,local_feather,sch_repay_24m_contin_non_de_mon_count,float,,135
1,local_feather,loan_720d_xfd_unique_org_count,float,,136
1,local_feather,loan_card_repay_min_count,float,,137
1,local_feather,sch_repay_count_num_12m_24m_mean_dif_wave,float,,138
1,local_feather,sch_repay_count_num_12m_24m_mean_div_wave,float,,139
1,local_feather,yq_city_maxupdate_days,float,,140
1,local_feather,ddf_48m_pcl_open_avg_day_diff,float,,141
1,local_feather,distinct_address_5y,float,,142
1,local_feather,als_m3_id_min_monnum,float,,143
1,local_feather,als_m1_id_nbank_allnum,float,,144
1,local_feather,als_m6_cell_nbank_nsloan_allnum,float,,145
1,local_feather,als_d7_id_nbank_oth_orgnum,float,,146
1,local_feather,als_m12_id_nbank_ca_allnum,float,,147
1,local_feather,als_m12_cell_nbank_cf_orgnum,float,,148
1,local_feather,als_d7_id_nbank_nsloan_orgnum,float,,149
1,local_feather,als_m1_cell_nbank_nsloan_allnum,float,,150
1,local_feather,als_m12_id_nbank_sloan_allnum,float,,151
1,local_feather,ddf_36m_pcl_open_avg_day_diff,float,,152
1,local_feather,als_m12_id_nbank_avg_monnum,float,,153
1,local_feather,als_m3_id_nbank_else_orgnum,float,,154
1,local_feather,als_m12_id_nbank_max_inteday,float,,155
1,local_feather,als_m12_id_max_inteday,float,,156
1,local_feather,als_lst_id_nbank_consnum,float,,157
1,local_feather,als_d15_id_nbank_oth_orgnum,float,,158
1,local_feather,als_m12_id_nbank_min_inteday,float,,159
1,local_feather,als_m12_id_bank_ret_allnum,float,,160
1,local_feather,als_m12_id_bank_avg_monnum,float,,161
1,local_feather,age,float,,162
1,local_feather,als_m12_cell_nbank_orgnum,float,,163
1,local_feather,als_m6_id_nbank_nsloan_allnum,float,,164
1,local_feather,als_m12_id_nbank_cf_allnum,float,,165
1,local_feather,als_d7_cell_nbank_nsloan_orgnum,float,,166
1,local_feather,als_d15_id_nbank_orgnum,float,,167
1,local_feather,als_d7_cell_nbank_oth_orgnum,float,,168
1,local_feather,als_lst_id_nbank_inteday,float,,169
1,local_feather,als_m6_id_nbank_ca_allnum,float,,170
1,local_feather,loan_act_typ_loan_amt_d1_min,float,,171
1,local_feather,qry_is_180d_qry_typ_qry_to_now_y_other_count,float,,172
1,local_feather,als_m12_id_bank_min_inteday,float,,173
1,local_feather,loan_tot_blc_tot_min,float,,174
1,local_feather,als_m12_cell_bank_avg_monnum,float,,175
1,local_feather,als_m6_id_nbank_min_monnum,float,,176
1,local_feather,loan_org_typ_loan_amt_other_mean,float,,177
1,local_feather,loan_org_typ_loan_amt_bnk_dps_min,float,,178
1,local_feather,qry_is_180d_qry_typ_qry_to_now_y_bnk_non_dps_count,float,,179
1,local_feather,loan_is_90d_loan_amt_y_mean,float,,180
1,local_feather,qry_tot_qry_to_now_tot_min,float,,181
1,local_feather,qry_is_360d_qry_to_now_y_min,float,,182
1,local_feather,loan_org_typ_loan_amt_other_sum,float,,183
1,local_feather,loan_is_360d_loan_amt_y_mean,float,,184
1,local_feather,qry_is_15d_qry_to_now_y_count,float,,185
1,local_feather,qry_is_360d_qry_typ_qry_to_now_y_other_min,float,,186
1,local_feather,qry_is_15d_qry_typ_qry_to_now_y_other_max,float,,187
1,local_feather,qry_qry_typ_qry_to_now_bnk_non_dps_min,float,,188
1,local_feather,qry_is_360d_qry_to_now_y_count,float,,189
1,local_feather,loan_is_180d_loan_amt_y_max,float,,190
1,local_feather,loan_act_typ_blc_r1_mean,float,,191
1,local_feather,loan_is_90d_blc_y_max,float,,192
1,local_feather,loan_stt_opn_to_now_nor_mean,float,,193
1,local_feather,loan_is_30d_blc_y_min,float,,194
1,local_feather,qry_is_90d_qry_typ_qry_to_now_y_other_count,float,,195
1,local_feather,loan_card_cur_typ_loan_amt_cny_max,float,,196
1,local_feather,loan_is_720d_used_ratio_y_sum,float,,197
1,local_feather,loan_gur_typ_loan_amt_other_min,float,,198
1,local_feather,qry_is_720d_qry_rsn_qry_to_now_y_other_count,float,,199
1,local_feather,loan_stt_opn_to_now_clr_min,float,,200
1,local_feather,loan_gur_typ_blc_other_mean,float,,201
1,local_feather,loan_gur_typ_loan_amt_other_count,float,,202
1,local_feather,loan_gur_typ_opn_to_now_other_sum,float,,203
1,local_feather,qry_is_weekend_qry_to_now_y_min,float,,204
1,local_feather,qry_qry_typ_qry_to_now_bnk_non_dps_count,float,,205
1,local_feather,edu_lvl,float,,206
1,local_feather,qry_is_15d_qry_to_now_y_max,float,,207
1,local_feather,loan_gur_typ_blc_credit_min,float,,208
1,local_feather,qry_is_180d_qry_rsn_qry_to_now_y_other_max,float,,209
1,local_feather,loan_org_typ_blc_bnk_dps_min,float,,210
1,local_feather,loan_is_15d_blc_y_sum,float,,211
1,local_feather,qry_is_30d_qry_to_now_y_max,float,,212
1,local_feather,qry_is_720d_qry_typ_qry_to_now_y_other_count,float,,213
1,local_feather,loan_card_stt_opn_to_now_oth_min,float,,214
1,local_feather,loan_act_typ_opn_to_now_r1_mean,float,,215
1,local_feather,qry_is_30d_qry_to_now_y_count,float,,216
1,local_feather,loan_org_typ_loan_amt_other_max,float,,217
1,local_feather,loan_org_typ_loan_amt_other_min,float,,218
1,local_feather,qry_is_90d_qry_to_now_y_count,float,,219
1,local_feather,loan_is_90d_loan_amt_y_min,float,,220
1,local_feather,loan_org_typ_loan_amt_bnk_non_dps_min,float,,221
1,local_feather,qry_qry_typ_qry_to_now_other_min,float,,222
1,local_feather,loan_is_30d_blc_y_max,float,,223
1,local_feather,loan_gur_typ_loan_amt_other_mean,float,,224
1,local_feather,loan_gur_typ_opn_to_now_other_mean,float,,225
1,local_feather,loan_is_360d_blc_y_min,float,,226
1,local_feather,qry_is_recent_900d_qry_typ_qry_to_now_y_bnk_non_dps_count_dif_wave,float,,227
1,local_feather,qry_is_recent_720d_qry_typ_qry_to_now_y_other_min_dif_wave,float,,228
1,local_feather,loan_act_typ_loan_amt_r1_min,float,,229
1,local_feather,qry_is_recent_900d_qry_typ_qry_to_now_y_other_min_div_wave,float,,230
1,local_feather,qry_is_recent_30d_qry_rsn_qry_to_now_y_other_count_div_wave,float,,231
1,local_feather,loan_is_720d_loan_amt_y_min,float,,232
1,local_feather,loan_act_typ_blc_r1_max,float,,233
1,local_feather,qry_is_90d_qry_rsn_qry_to_now_y_other_max,float,,234
1,local_feather,qry_is_recent_900d_qry_typ_qry_to_now_y_bnk_non_dps_count_div_wave,float,,235
1,local_feather,qry_is_recent_720d_qry_rsn_qry_to_now_y_other_count_div_wave,float,,236
1,local_feather,qry_is_recent_30d_qry_to_now_count_dif_wave,float,,237
1,local_feather,qry_is_recent_720d_qry_typ_qry_to_now_y_other_max_dif_wave,float,,238
1,local_feather,qry_is_recent_900d_qry_rsn_qry_to_now_y_other_max_dif_wave,float,,239
1,local_feather,qry_is_recent_660d_qry_typ_qry_to_now_y_other_count_div_wave,float,,240
1,local_feather,qry_is_recent_900d_qry_typ_qry_to_now_y_other_max_div_wave,float,,241
1,local_feather,qry_is_recent_660d_qry_typ_qry_to_now_y_other_min_dif_wave,float,,242
1,local_feather,qry_is_recent_660d_qry_typ_qry_to_now_y_other_max_dif_wave,float,,243
1,local_feather,qry_is_recent_540d_qry_typ_qry_to_now_y_other_count_div_wave,float,,244
1,local_feather,qry_is_recent_720d_qry_typ_qry_to_now_y_bnk_non_dps_count_dif_wave,float,,245
1,local_feather,qry_is_recent_90d_qry_to_now_count_dif_wave,float,,246
1,local_feather,qry_is_recent_900d_qry_typ_qry_to_now_y_other_max_dif_wave,float,,247
1,local_feather,loan_is_120d_blc_y_min,float,,248
1,local_feather,loan_is_210d_loan_amt_y_mean,float,,249
1,local_feather,loan_is_120d_blc_y_mean,float,,250
1,local_feather,loan_is_120d_loan_amt_y_mean,float,,251
1,local_feather,loan_is_660d_1320d_opn_to_now_y_mean,float,,252
1,local_feather,loan_is_120d_blc_y_max,float,,253
1,local_feather,loan_is_420d_blc_y_min,float,,254
1,local_feather,loan_is_60d_blc_y_mean,float,,255
1,local_feather,loan_is_120d_loan_amt_y_min,float,,256
1,local_feather,loan_is_270d_540d_blc_y_mean,float,,257
1,local_feather,loan_is_270d_loan_amt_y_mean,float,,258
1,local_feather,loan_card_stt_if_high_credit_nor_y_repay_amt_sum,float,,259
1,local_feather,loan_card_tot_1_loan_amt_sum,float,,260
1,local_feather,loan_gur_typ_credit_repay_amt_max,float,,261
1,local_feather,loan_stt_lon_typ_nor_other_repay_rate,float,,262
1,local_feather,loan_card_active_user_y_repay_amt_sum,float,,263
1,local_feather,loan_lon_typ_other_sch_pay_max,float,,264
1,local_feather,loan_stt_nor_repay_amt_max,float,,265
1,local_feather,loan_gur_typ_loan_amt_3w_other_n_repay_amt_sum,float,,266
1,local_feather,loan_card_if_high_credit_y_act_pay_mean,float,,267
1,local_feather,loan_act_typ_lon_typ_d1_other_repay_amt_sum,float,,268
1,local_feather,loan_is_120d_blc_y_sum,float,,269
1,local_feather,loan_is_60d_blc_y_sum,float,,270
1,local_feather,loan_gur_typ_credit_sch_pay_mean,float,,271
1,local_feather,loan_stt_nor_repay_amt_mean,float,,272
1,local_feather,loan_card_active_user_y_act_pay_max,float,,273
1,local_feather,loan_lon_typ_gur_typ_other_credit_repay_amt_sum,float,,274
1,local_feather,loan_loan_amt_3w_n_blc_mean,float,,275
1,local_feather,loan_card_if_high_credit_y_repay_amt_max,float,,276
1,local_feather,loan_act_typ_gur_typ_r1_other_loan_amt_sum,float,,277
1,local_feather,loan_gur_typ_loan_amt_3w_other_n_blc_sum,float,,278
1,local_feather,loan_card_active_user_y_sch_pay_max,float,,279
1,local_feather,loan_loan_amt_3w_y_blc_min,float,,280
1,local_feather,loan_card_if_high_credit_y_repay_amt_mean,float,,281
1,local_feather,loan_act_typ_gur_typ_r1_credit_repay_rate,float,,282
1,local_feather,loan_card_tot_1_act_pay_max,float,,283
1,local_feather,loan_card_active_user_if_high_credit_y_y_repay_amt_sum,float,,284
1,local_feather,loan_lon_typ_other_sch_pay_mean,float,,285
1,local_feather,loan_lon_typ_loan_amt_3w_other_n_blc_sum,float,,286
1,local_feather,loan_card_if_high_credit_y_repay_amt_min,float,,287
1,local_feather,loan_lon_typ_other_sch_pay_sum,float,,288
1,local_feather,loan_stt_loan_amt_3w_nor_n_repay_rate,float,,289
1,local_feather,loan_card_active_user_n_act_pay_sum,float,,290
1,local_feather,loan_act_typ_r1_repay_amt_mean,float,,291
1,local_feather,loan_gur_typ_loan_amt_3w_other_n_loan_amt_sum,float,,292
1,local_feather,loan_card_active_user_y_sch_pay_mean,float,,293
1,local_feather,loan_loan_amt_3w_y_sch_pay_max,float,,294
1,local_feather,loan_card_tot_1_sch_pay_sum,float,,295
1,local_feather,loan_card_if_high_credit_n_loan_amt_mean,float,,296
1,local_feather,loan_stt_gur_typ_nor_zhiya_repay_amt_sum,float,,297
1,local_feather,loan_stt_gur_typ_nor_credit_repay_rate,float,,298
1,local_feather,loan_act_typ_loan_amt_3w_r1_y_repay_rate,float,,299
1,local_feather,loan_act_typ_d1_sch_pay_min,float,,300
1,local_feather,loan_card_active_user_y_repay_amt_min,float,,301
1,local_feather,loan_gur_typ_credit_sch_pay_sum,float,,302
1,local_feather,loan_card_stt_if_high_credit_nor_y_high_credit_blc_mean,float,,303
1,local_feather,loan_card_stt_if_high_credit_nor_y_repay_amt_mean,float,,304
1,local_feather,loan_act_typ_loan_amt_3w_r1_n_repay_rate,float,,305
1,local_feather,loan_lon_typ_gur_typ_other_other_blc_sum,float,,306
1,local_feather,loan_act_typ_lon_typ_d1_other_blc_sum,float,,307
1,local_feather,loan_card_stt_nor_loan_amt_avg_amt_6mon_sum_rate,float,,308
1,local_feather,loan_card_tot_1_repay_amt_max,float,,309
1,local_feather,loan_card_if_high_credit_y_repay_amt_sum,float,,310
1,local_feather,loan_gur_typ_credit_loan_amt_min,float,,311
1,local_feather,loan_loan_amt_3w_n_blc_sum,float,,312
1,local_feather,loan_act_typ_r1_repay_amt_min,float,,313
1,local_feather,loan_lon_typ_loan_amt_3w_other_y_repay_rate,float,,314
1,local_feather,loan_lon_typ_other_blc_mean,float,,315
1,local_feather,lon_repay_unkown_max,float,,316
1,local_feather,lon_repay_12mth_neednot_mean,float,,317
1,local_feather,loan_lon_typ_gur_typ_other_other_loan_amt_sum,float,,318
1,local_feather,lon_repay_neednot_mean,float,,319
1,local_feather,lon_repay_3term_nor_pct,float,,320
1,local_feather,oth_rpy_amt_act_last,float,,321
1,local_feather,lon_repay_12mth_clr_mean,float,,322
1,local_feather,lon_repay_12term_nor_mean,float,,323
1,local_feather,lst_mon6_rpy_amt_act_max,float,,324
1,local_feather,loan_card_stt_active_user_nor_n_high_credit_blc_count,float,,325
1,local_feather,lon_repay_unkown_sum,float,,326
1,local_feather,lon_repay_6term_nor_mean,float,,327
1,local_feather,oth_rpy_amt_last,float,,328
1,local_feather,lon_repay_12term_ovd_pct,float,,329
1,local_feather,ccd_repay_12mth_nor_sum,float,,330
1,local_feather,lon_repay_6mth_clr_mean,float,,331
1,local_feather,lon_repay_12term_total_mean,float,,332
1,local_feather,lon_repay_unkown_mean,float,,333
1,local_feather,lst_mon6_rpy_amt_sum,float,,334
1,local_feather,lon_repay_3term_total_mean,float,,335
1,local_feather,lon_repay_12term_m1_mean,float,,336
1,local_feather,lst_mon6_rpy_amt_act_std,float,,337
1,local_feather,oth_rpy_amt_rate_mean,float,,338
1,local_feather,lon_repay_12term_ovd_mean,float,,339
1,local_feather,oth_rpy_amt_rate_last,float,,340
1,local_feather,lst_stg24_rpy_amt_rate_max,float,,341
1,local_feather,lst_stg12_rpy_amt_rate_max,float,,342
1,local_feather,loan_non_xxhb_cum_cv,float,,343
1,local_feather,loan_future_24m_non_xxhb_payment_mean,float,,344
1,local_feather,loan_non_xxhb_cum_bias,float,,345
1,local_feather,qry_is_480d_qry_typ_qry_to_now_y_bnk_non_dps_count,float,,346
1,local_feather,loan_future_12m_non_xxhb_payment_mean,float,,347
1,local_feather,ddf_18m_tqjq_avg_process,float,,348
1,local_feather,qry_is_540d_qry_to_now_y_min,float,,349
1,local_feather,qry_is_recent_150d_qry_typ_qry_to_now_y_other_count_div_wave,float,,350
1,local_feather,loan_recent_30d_blc_max_dif_wave,float,,351
1,local_feather,qry_is_recent_120d_qry_typ_qry_to_now_y_other_count_div_wave,float,,352
1,local_feather,loan_recent_60d_blc_min_dif_wave,float,,353
1,local_feather,loan_recent_720d_opn_to_now_sum_div_wave,float,,354
1,local_feather,qry_is_540d_qry_typ_qry_to_now_y_other_min,float,,355
1,local_feather,loan_recent_660d_opn_to_now_sum_div_wave,float,,356
1,local_feather,qry_is_300d_qry_typ_qry_to_now_y_other_min,float,,357
1,local_feather,qry_is_60d_qry_typ_qry_to_now_y_other_count,float,,358
1,local_feather,qry_is_420d_840d_qry_rsn_qry_to_now_y_other_count,float,,359
1,local_feather,loan_recent_720d_blc_count_div_wave,float,,360
1,local_feather,qry_is_540d_qry_typ_qry_to_now_y_other_count,float,,361
1,local_feather,qry_is_60d_qry_typ_qry_to_now_y_other_max,float,,362
1,local_feather,loan_recent_660d_opn_to_now_mean_dif_wave,float,,363
1,local_feather,qry_is_420d_qry_typ_qry_to_now_y_other_min,float,,364
1,local_feather,loan_recent_30d_blc_mean_dif_wave,float,,365
1,local_feather,qry_is_210d_qry_typ_qry_to_now_y_other_max,float,,366
1,local_feather,qry_is_900d_qry_rsn_qry_to_now_y_dk_max,float,,367
1,local_feather,qry_is_240d_qry_to_now_y_min,float,,368
1,local_feather,qry_is_330d_qry_to_now_y_min,float,,369
1,local_feather,qry_is_420d_qry_rsn_qry_to_now_y_dk_max,float,,370
1,local_feather,qry_is_330d_660d_qry_typ_qry_to_now_y_other_count,float,,371
1,local_feather,qry_is_600d_qry_typ_qry_to_now_y_bnk_non_dps_count,float,,372
1,local_feather,qry_is_150d_qry_rsn_qry_to_now_y_dk_count,float,,373
1,local_feather,qry_is_60d_qry_typ_qry_to_now_y_bnk_non_dps_count,float,,374
1,local_feather,qry_is_660d_qry_typ_qry_to_now_y_other_min,float,,375
1,local_feather,loan_recent_660d_opn_to_now_mean_div_wave,float,,376
1,local_feather,qry_is_240d_qry_typ_qry_to_now_y_other_min,float,,377
1,local_feather,qry_is_420d_qry_rsn_qry_to_now_y_other_max,float,,378
1,local_feather,loan_recent_360d_loan_amt_max_dif_wave,float,,379
1,local_feather,qry_is_120d_qry_typ_qry_to_now_y_bnk_non_dps_count,float,,380
1,local_feather,qry_is_900d_qry_typ_qry_to_now_y_bnk_non_dps_count,float,,381
1,local_feather,qry_is_240d_qry_typ_qry_to_now_y_other_count,float,,382
1,local_feather,loan_recent_720d_opn_to_now_sum_dif_wave,float,,383
1,local_feather,qry_is_540d_qry_rsn_qry_to_now_y_dk_max,float,,384
1,local_feather,loan_nothousecar_price_max,float,,385
1,local_feather,amt_sum_repay_cc,float,,386
1,local_feather,loan_future_24m_xj_payment_min_act_pay,float,,387
1,local_feather,qry_is_600d_qry_to_now_y_min,float,,388
1,local_feather,ratio_repay_cc_720d,float,,389
1,local_feather,qry_is_150d_qry_to_now_y_min,float,,390
1,local_feather,amt_avg_repay_cc,float,,391
1,local_feather,loan_future_36m_to_48m_xj_payment_min_act_pay,float,,392
1,local_feather,loan_future_9m_to_12m_xxhb_payment_max_act_pay,float,,393
1,local_feather,loan_future_9m_other_payment_mean_act_pay,float,,394
1,local_feather,loan_future_36m_to_48m_other_payment_max_act_pay,float,,395
1,local_feather,loan_bank_cum_bias_act_pay,float,,396
1,local_feather,loan_future_48m_to_60m_xd_payment_sum_act_pay,float,,397
1,local_feather,loan_future_12m_to_24m_bank_payment_min_act_pay,float,,398
1,local_feather,loan_non_xxhb_cum_bias_act_pay,float,,399
1,local_feather,loan_future_3m_xj_payment_sum_act_pay,float,,400
1,local_feather,loan_r1_91_max_lmtamt,float,,401
1,local_feather,d1r4_consumption91_within24mon_actualoverschedule_ratio,float,,402
1,local_feather,loan_d1r4_91_max_lmtamt,float,,403
1,local_feather,loan_bank_cum_cv_act_pay,float,,404
1,local_feather,d1r4_consumption91_within12mon_actualoverschedule_ratio,float,,405
1,local_feather,loan_future_36m_to_48m_xd_payment_max_act_pay,float,,406
1,local_feather,d1r4_consumption91_within5yr_actualpay_max,float,,407
1,local_feather,d1r4_alltrade_within5yr_overdue_sum,float,,408
1,local_feather,alltrade_within1mon_pay_over_loan_ratio,float,,409
1,local_feather,loan_card_xhd_tot_edu_level_account_state_medium_nor_edu_rate_mean,float,,410
1,local_feather,r1_alltrade_within1mon_actualpay_sum,float,,411
1,local_feather,r1_conratioption91_within1mon_actualpay_sum,float,,412
1,local_feather,loan_card_xhd_tot_edu_level_high_edu_rate_mean,float,,413
1,local_feather,alltrade_within1mon_actualpay_sum,float,,414
1,local_feather,loan_card_xhd_is_365d_edu_level_account_state_high_nor_edu_rate_min,float,,415
1,local_feather,loan_r1_91_max_within_halfyear_lmtamt,float,,416
1,local_feather,loan_card_xhd_tot_edu_level_org_class_high_xyk_edu_rate_mean,float,,417
1,local_feather,loan_card_xhd_is_365d_org_class_xfd_balance_sum,float,,418
1,local_feather,d1r4_businessloan41_within5yr_schedulepay_sum,float,,419
1,local_feather,loan_card_xhd_is_180d_edu_level_currency_class_low_rmb_edu_rate_min,float,,420
1,local_feather,loan_r1_91_max_within_2year_lmtamt,float,,421
1,local_feather,r1_conratioption91_within1mon_schedulepay_sum,float,,422
1,local_feather,r2r3_alltrade_within1mon_actualpay_sum,float,,423
1,local_feather,balance_91_irr_less12,float,,424
1,local_feather,d1r4_consumption91_within12mon_actualpay_max,float,,425
1,local_feather,loan_card_xhd_is_365d_edu_level_loan_class_high_xedk_edu_rate_min,float,,426
1,local_feather,loan_card_xhd_is_180d_edu_level_account_class_high_xhd_edu_rate_min,float,,427
1,local_feather,loan_card_xhd_is_720d_edu_rate_label_low_balance_max,float,,428
1,local_feather,loan_card_xhd_is_365d_edu_level_low_balance_max,float,,429
1,local_feather,loan_card_xhd_tot_edu_level_low_balance_sum,float,,430
1,local_feather,loan_card_xhd_is_720d_edu_level_low_balance_rate,float,,431
1,local_feather,loan_card_xhd_is_365d_edu_level_medium_balance_max,float,,432
1,local_feather,loan_card_xhd_tot_loan_class_zdyh_edu_rate_mean,float,,433
1,local_feather,loan_card_xhd_tot_loan_class_org_class_zdyh_xfd_edu_rate_min,float,,434
1,local_feather,loan_card_xhd_tot_edu_level_currency_class_high_rmb_edu_rate_min,float,,435
1,local_feather,loan_card_xhd_tot_edu_level_org_class_high_xfd_edu_rate_min,float,,436
1,local_feather,loan_card_xhd_tot_edu_level_account_class_medium_xhd_edu_rate_max,float,,437
1,local_feather,loan_card_xhd_is_180d_edu_level_medium_balance_rate,float,,438
1,local_feather,loan_card_xhd_is_180d_account_class_xhd_balance_rate,float,,439
1,local_feather,loan_card_xhd_tot_account_class_currency_class_xhd_rmb_edu_rate_max,float,,440
1,local_feather,loan_card_xhd_edu_level_low_is_720d_count,float,,441
1,local_feather,loan_card_xhd_tot_edu_level_medium_balance_rate,float,,442
1,local_feather,loan_card_xhd_tot_edu_level_org_class_high_xyk_edu_rate_max,float,,443
1,local_feather,loan_card_xhd_tot_edu_level_account_state_medium_nor_edu_rate_max,float,,444
1,local_feather,loan_card_xhd_is_180d_org_class_xfd_balance_max,float,,445
1,local_feather,loan_card_xhd_is_365d_edu_level_loan_class_medium_xedk_edu_rate_max,float,,446
1,local_feather,loan_card_xhd_is_720d_edu_level_low_balance_sum,float,,447
1,local_feather,loan_card_xhd_is_720d_edu_level_medium_balance_sum,float,,448
1,local_feather,loan_card_xhd_tot_edu_level_org_class_medium_xfd_edu_rate_mean,float,,449
1,local_feather,loan_card_xhd_is_720d_loan_class_xedk_balance_rate,float,,450
1,local_feather,loan_card_xhd_tot_edu_level_org_class_high_xyk_edu_rate_std,float,,451
1,local_feather,loan_card_xhd_is_365d_edu_level_account_class_low_xyk_edu_rate_std,float,,452
1,local_feather,loan_card_xhd_tot_account_class_currency_class_xyk_rmb_edu_rate_min,float,,453
1,local_feather,loan_card_xhd_is_180d_loan_class_xedk_balance_max,float,,454
1,local_feather,loan_card_xhd_is_180d_edu_level_low_balance_max,float,,455
1,local_feather,loan_card_xhd_is_365d_edu_level_low_balance_rate,float,,456
1,local_feather,loan_card_xhd_tot_account_state_nor_edu_rate_mean,float,,457
1,local_feather,loan_card_xhd_tot_edu_level_org_class_low_xfd_edu_rate_max,float,,458
1,local_feather,loan_card_xhd_is_365d_edu_level_account_class_high_xhd_edu_rate_min,float,,459
1,local_feather,loan_card_xhd_is_365d_edu_level_medium_balance_rate,float,,460
1,local_feather,loan_card_xhd_tot_edu_level_account_class_high_xhd_edu_rate_min,float,,461
1,local_feather,loan_card_xhd_is_720d_edu_level_medium_balance_max,float,,462
1,local_feather,loan_card_xhd_tot_account_class_xhd_balance_max,float,,463
1,local_feather,loan_card_xhd_is_365d_account_class_xhd_balance_rate,float,,464
1,local_feather,loan_card_xhd_is_365d_edu_rate_label_low_balance_sum,float,,465
1,local_feather,loan_card_xhd_edu_rate_label_high_is_720d_count,float,,466
1,local_feather,loan_card_xhd_is_180d_edu_level_org_class_medium_xfd_edu_rate_min,float,,467
1,local_feather,loan_card_xhd_is_365d_edu_level_low_balance_sum,float,,468
1,local_feather,loan_card_xhd_tot_currency_class_rmb_edu_rate_mean,float,,469
1,local_feather,loan_card_xhd_tot_loan_class_account_state_xedk_nor_edu_rate_mean,float,,470
1,local_feather,loan_card_xhd_tot_edu_level_account_state_low_nor_edu_rate_max,float,,471
1,local_feather,loan_card_xhd_tot_org_class_currency_class_xyk_rmb_edu_rate_mean,float,,472
1,local_feather,loan_card_xhd_tot_edu_level_loan_class_high_zdyh_edu_rate_mean,float,,473
1,local_feather,loan_card_xhd_tot_edu_level_org_class_medium_xfd_edu_rate_min,float,,474
1,local_feather,loan_card_xhd_tot_edu_level_account_class_medium_xyk_edu_rate_max,float,,475
1,local_feather,loan_card_xhd_tot_edu_rate_label_overdraft_balance_rate,float,,476
1,local_feather,loan_card_xhd_is_365d_account_class_xyk_balance_max,float,,477
1,local_feather,loan_card_xhd_is_720d_edu_level_medium_balance_rate,float,,478
1,local_feather,loan_card_xhd_is_720d_loan_class_org_class_zdyh_xfd_edu_rate_mean,float,,479
1,local_feather,loan_card_xhd_is_720d_account_class_loan_class_xyk_xedk_edu_rate_mean,float,,480
1,local_feather,loan_card_xhd_tot_edu_level_account_class_high_xhd_edu_rate_mean,float,,481
1,local_feather,loan_card_xhd_tot_edu_rate_label_high_balance_sum,float,,482
1,local_feather,loan_card_xhd_edu_rate_label_low_tot_count,float,,483
1,local_feather,cs_r2_use_lmt_rate,float,,484
1,local_feather,loan_micro_amt_sum,float,,485
1,local_feather,loan_micro_amt_mean,float,,486
1,local_feather,cr_ely_ccd_rec_age,float,,487
1,local_feather,loan_entrust_opn_to_now_max,float,,488
1,local_feather,cs_r2_6m_use_avg_lmt_diff,float,,489
1,local_feather,cs_r2_tot_lmt,float,,490
1,local_feather,loan_dnclr_non_blc_account,float,,491
1,local_feather,cs_r2_6m_use_avg_lmt_ratio,float,,492
1,local_feather,loan_consum_blc_account,float,,493
1,local_feather,loan_cus_blc_max,float,,494
1,local_feather,loan_consum_blc_amt_pct,float,,495
1,local_feather,query_tot_org_ratio_180,float,,496
1,local_feather,cr_ely_tot_rec_age,float,,497
1,local_feather,tot_lvl_max_mon_cnt_1_24m,float,,498
1,local_feather,loan_max_mon_loan_cnt_1_24m,float,,499
1,local_feather,loan_card_max_mon_cnt_1_60m,float,,500
1,local_feather,query_tot_org_ratio_360,float,,501
1,local_feather,loan_cus_opn_to_now_min,float,,502
1,local_feather,tot_lvl_cnt_n_24m,float,,503
1,local_feather,cr_ely_tot_rec_mon_cnt,float,,504
1,local_feather,loan_micro_amt_max,float,,505
1,local_feather,cs_r2_max_lmt,float,,506
1,local_feather,loan_cus_opn_to_now_mean,float,,507
1,local_feather,loan_cus_blc_sum,float,,508
1,local_feather,loan_bank_amt_min,float,,509
1,local_feather,loan_card_high_use_loan_card_acct_cnt_ratio,float,,510
1,local_feather,tot_lvl_max_mon_cnt_1_60m,float,,511
1,local_feather,loan_dnclr_360d_price_min,float,,512
1,local_feather,query_loan_acct_ratio_720,float,,513
1,local_feather,loan_bank_blc_min,float,,514
1,local_feather,cr_ely_loan_rec_age,float,,515
1,local_feather,loan_micro_amt_min,float,,516
1,local_feather,loan_cnt_ovd_loan_24m,float,,517
1,local_feather,query_loan_acct_ratio_180,float,,518
1,local_feather,final_flag,large_string,,519
1,local_feather,__index_level_0__,int64,,520
